1,오쏘몰 이뮨 20ml + 919mg x 30개입,https://search.shopping.naver.com/gate.nhn?id=24365560523,https://shopping-phinf.pstatic.net/main_2436556/24365560523.20201006112056.jpg,식품,건강식품,비타민제,멀티비타민,2023-03-28 13:03:14
2,고려은단 멀티비타민 올인원 1560mg x 60정,https://search.shopping.naver.com/gate.nhn?id=25414366522,https://shopping-phinf.pstatic.net/main_2541436/25414366522.20220520172940.jpg,식품,건강식품,비타민제,멀티비타민,2023-03-28 13:03:14
4,센트룸 포맨 멀티 비타민 미네랄 1387mg x 112정,https://search.shopping.naver.com/gate.nhn?id=14717059417,https://shopping-phinf.pstatic.net/main_1471705/14717059417.20230214102020.jpg,식품,건강식품,비타민제,멀티비타민,2023-03-28 13:03:14
5,덴프스 트루바이타민 1440mg x 30포,https://search.shopping.naver.com/gate.nhn?id=18730621216,https://shopping-phinf.pstatic.net/main_1873062/18730621216.20190416104639.jpg,식품,건강식품,비타민제,멀티비타민,2023-03-28 13:03:14
6,트루아상 패밀리 올인원 종합 멀티비타민 앤 미네랄 1000mg x 60정,https://search.shopping.naver.com/gate.nhn?id=38364417618,https://shopping-phinf.pstatic.net/main_3836441/38364417618.20230302175511.jpg,식품,건강식품,비타민제,멀티비타민,2023-03-28 13:03:14
7,순수식품 종합비타민 미네랄 20 1000mg x 90정,https://search.shopping.naver.com/gate.nhn?id=22255211242,https://shopping-phinf.pstatic.net/main_2225521/22255211242.20230201174406.jpg,식품,건강식품,비타민제,멀티비타민,2023-03-28 13:03:14
8,오쏘몰 이뮨 20ml + 919mg x 7개입,https://search.shopping.naver.com/gate.nhn?id=27517017526,https://shopping-phinf.pstatic.net/main_2751701/27517017526.20210610101040.jpg,식품,건강식품,비타민제,멀티비타민,2023-03-28 13:03:14
9,센트룸 멀티 구미 2g x 80정,https://search.shopping.naver.com/gate.nhn?id=28681573561,https://shopping-phinf.pstatic.net/main_2868157/28681573561.20220803094036.jpg,식품,건강식품,비타민제,멀티비타민,2023-03-28 13:03:14
10,라이프익스텐션 투 퍼 데이 종합비타민 120정,https://search.shopping.naver.com/gate.nhn?id=35324664624,https://shopping-phinf.pstatic.net/main_3532466/35324664624.20221019172537.jpg,식품,건강식품,비타민제,멀티비타민,2023-03-28 13:03:14
11,센트룸 포맨 멀티 <b>비타민</b> 미네랄 1387mg x 112정,https://search.shopping.naver.com/gate.nhn?id=14717059417,https://shopping-phinf.pstatic.net/main_1471705/14717059417.20230214102020.jpg,식품,건강식품,비타민제,멀티비타민,2023-03-28 13:03:21
12,트루아상 패밀리 올인원 종합 멀티<b>비타민</b> 앤 미네랄 1000mg x 60정,https://search.shopping.naver.com/gate.nhn?id=38364417618,https://shopping-phinf.pstatic.net/main_3836441/38364417618.20230302175511.jpg,식품,건강식품,비타민제,멀티비타민,2023-03-28 13:03:21
13,순수식품 종합<b>비타민</b> 미네랄 20 1000mg x 90정,https://search.shopping.naver.com/gate.nhn?id=22255211242,https://shopping-phinf.pstatic.net/main_2225521/22255211242.20230201174406.jpg,식품,건강식품,비타민제,멀티비타민,2023-03-28 13:03:21
15,고려은단 멀티<b>비타민</b> 올인원 1560mg x 60정,https://search.shopping.naver.com/gate.nhn?id=25414366522,https://shopping-phinf.pstatic.net/main_2541436/25414366522.20220520172940.jpg,식품,건강식품,비타민제,멀티비타민,2023-03-28 13:03:21
16,센트룸 멀티<b>비타민</b> 포 우먼 1418mg x 50정,https://search.shopping.naver.com/gate.nhn?id=26731766522,https://shopping-phinf.pstatic.net/main_2673176/26731766522.20220923115257.jpg,식품,건강식품,비타민제,멀티비타민,2023-03-28 13:03:21
18,뉴트리코어 멀티<b>비타민</b> 미네랄 500mg x 180정,https://search.shopping.naver.com/gate.nhn?id=16883211425,https://shopping-phinf.pstatic.net/main_1688321/16883211425.20200814102437.jpg,식품,건강식품,비타민제,멀티비타민,2023-03-28 13:03:21
19,센트룸 실버 포 우먼 멀티<b>비타민</b> 미네랄 1514mg x 112정,https://search.shopping.naver.com/gate.nhn?id=19165261202,https://shopping-phinf.pstatic.net/main_1916526/19165261202.20230214102156.jpg,식품,건강식품,비타민제,멀티비타민,2023-03-28 13:03:21
20,세노비스 트리플러스 우먼 1120mg x 90캡슐,https://search.shopping.naver.com/gate.nhn?id=25322332529,https://shopping-phinf.pstatic.net/main_2532233/25322332529.20201222114522.jpg,식품,건강식품,비타민제,멀티비타민,2023-03-28 13:03:21
31,고려은단 <b>비타민C</b> 1000 이지 + 비타민D 600mg x 180정,https://search.shopping.naver.com/gate.nhn?id=26855413531,https://shopping-phinf.pstatic.net/main_2685541/26855413531.20220719084339.jpg,식품,건강식품,비타민제,비타민C,2023-03-28 13:03:25
32,고려은단<b>비타민C</b>1000 1080mg x 600정,https://search.shopping.naver.com/gate.nhn?id=6743170459,https://shopping-phinf.pstatic.net/main_6743170/6743170459.20220715112731.jpg,식품,건강식품,비타민제,비타민C,2023-03-28 13:03:25
33,고려은단 메가도스C <b>비타민C</b> 3000 3g x 100포,https://search.shopping.naver.com/gate.nhn?id=11309180663,https://shopping-phinf.pstatic.net/main_1130918/11309180663.20230308180049.jpg,식품,건강식품,비타민제,비타민C,2023-03-28 13:03:25
34,하루틴 리포좀 <b>비타민C</b> 1100mg x 90정,https://search.shopping.naver.com/gate.nhn?id=34233284618,https://shopping-phinf.pstatic.net/main_3423328/34233284618.20220823140747.jpg,식품,건강식품,비타민제,비타민C,2023-03-28 13:03:25
35,속편한 고려은단 <b>비타민C</b> 1000 1300mg x 120정,https://search.shopping.naver.com/gate.nhn?id=26158641522,https://shopping-phinf.pstatic.net/main_2615864/26158641522.20221026104702.jpg,식품,건강식품,비타민제,비타민C,2023-03-28 13:03:25
36,고려은단 <b>비타민C</b> 골드 플러스 1120mg x 240정,https://search.shopping.naver.com/gate.nhn?id=11664011307,https://shopping-phinf.pstatic.net/main_1166401/11664011307.20220824143428.jpg,식품,건강식품,비타민제,비타민C,2023-03-28 13:03:25
37,종근당건강 <b>비타민C</b> 1000mg 1100mg x 600정,https://search.shopping.naver.com/gate.nhn?id=7998378501,https://shopping-phinf.pstatic.net/main_7998378/7998378501.20201204144315.jpg,식품,건강식품,비타민제,비타민C,2023-03-28 13:03:25
38,고려은단<b>비타민C</b>1000 1080mg x 300정,https://search.shopping.naver.com/gate.nhn?id=6174560981,https://shopping-phinf.pstatic.net/main_6174560/6174560981.20220715113059.jpg,식품,건강식품,비타민제,비타민C,2023-03-28 13:03:25
39,고려은단<b>비타민C</b>1000 1080mg x 120정,https://search.shopping.naver.com/gate.nhn?id=8574746904,https://shopping-phinf.pstatic.net/main_8574746/8574746904.20220715112318.jpg,식품,건강식품,비타민제,비타민C,2023-03-28 13:03:25
40,알유21 <b>비타민C</b> 750mg x 6정,https://search.shopping.naver.com/gate.nhn?id=6184164412,https://shopping-phinf.pstatic.net/main_6184164/6184164412.20190412181930.jpg,식품,건강식품,비타민제,비타민C,2023-03-28 13:03:25
51,"라이프 익스텐션 Life Extension 안면홍조 없는 <b>니아신</b>, 640mg, 캡슐 100정",https://search.shopping.naver.com/gate.nhn?id=20535173630,https://shopping-phinf.pstatic.net/main_2053517/20535173630.4.jpg,식품,건강식품,영양제,기타건강보조식품,2023-03-28 13:03:42
52,"나우푸드 NOW Foods 홍조 현상 없는 <b>니아신</b>, 250mg, 베지 캡슐 180정",https://search.shopping.naver.com/gate.nhn?id=33139840981,https://shopping-phinf.pstatic.net/main_3313984/33139840981.2.jpg,식품,건강식품,영양제,기타건강보조식품,2023-03-28 13:03:42
53,독일 미오 이노시톨 분팔 파우더 230g 1통 Inositol 엽산 콜린 <b>니아신</b> 이노시톨 유산균 판토텐산,https://search.shopping.naver.com/gate.nhn?id=32561576426,https://shopping-phinf.pstatic.net/main_3256157/32561576426.3.jpg,식품,건강식품,영양제,기타건강보조식품,2023-03-28 13:03:42
54,"소스 네츄럴 Source Naturals <b>니아신</b>, 100mg, 250정",https://search.shopping.naver.com/gate.nhn?id=37090380548,https://shopping-phinf.pstatic.net/main_3709038/37090380548.1.jpg,식품,건강식품,영양제,기타건강보조식품,2023-03-28 13:03:42
55,"쏜 리서치 Thorne <b>니아신</b>아미드, 식물성 캡슐 180정",https://search.shopping.naver.com/gate.nhn?id=20535204010,https://shopping-phinf.pstatic.net/main_2053520/20535204010.4.jpg,식품,건강식품,영양제,기타건강보조식품,2023-03-28 13:03:42
56,"네츄럴 펙터스 Natural Factors <b>니아신</b>, 100mg, 90정",https://search.shopping.naver.com/gate.nhn?id=27349177105,https://shopping-phinf.pstatic.net/main_2734917/27349177105.1.jpg,식품,건강식품,영양제,기타건강보조식품,2023-03-28 13:03:42
57,"네이쳐스 플러스 NaturesPlus <b>니아신</b>, 100 mg, 90정 알약",https://search.shopping.naver.com/gate.nhn?id=36980198618,https://shopping-phinf.pstatic.net/main_3698019/36980198618.jpg,식품,건강식품,영양제,기타건강보조식품,2023-03-28 13:03:42
58,나우푸드 플러쉬-프리 <b>니아신</b> 250mg 베지 캡슐  180개입  1개,https://search.shopping.naver.com/gate.nhn?id=21140107132,https://shopping-phinf.pstatic.net/main_2114010/21140107132.6.jpg,식품,건강식품,영양제,기타건강보조식품,2023-03-28 13:03:42
59,"네이쳐스 바우티 Nature’s Bounty 플러시 프리 <b>니아신</b>, 500mg, 120 캡슐",https://search.shopping.naver.com/gate.nhn?id=37455371116,https://shopping-phinf.pstatic.net/main_3745537/37455371116.jpg,식품,건강식품,영양제,기타건강보조식품,2023-03-28 13:03:42
60,나우푸드 <b>니아신</b> 500mg 타블렛 비건  250개입  1개,https://search.shopping.naver.com/gate.nhn?id=19348498077,https://shopping-phinf.pstatic.net/main_1934849/19348498077.24.jpg,식품,건강식품,영양제,기타건강보조식품,2023-03-28 13:03:42
61,카르두스마리아누스 <b>밀크씨</b>슬 밀크시스 <b>밀크씨</b> 4개월분,https://search.shopping.naver.com/gate.nhn?id=83014271108,https://shopping-phinf.pstatic.net/main_8301427/83014271108.jpg,식품,건강식품,영양제,밀크씨슬,2023-03-28 13:03:55
62,<b>밀크씨</b>슬 밀크시슬 <b>밀크씨</b> <b>밀크씨</b>유 silymarin complex,https://search.shopping.naver.com/gate.nhn?id=83074104989,https://shopping-phinf.pstatic.net/main_8307410/83074104989.jpg,식품,건강식품,영양제,밀크씨슬,2023-03-28 13:03:55
63,GNC <b>밀크씨</b> 시 슬 1300 60정 2set,https://search.shopping.naver.com/gate.nhn?id=85786580324,https://shopping-phinf.pstatic.net/main_8578658/85786580324.jpg,식품,건강식품,영양제,밀크씨슬,2023-03-28 13:03:55
64,간에좋은 <b>밀크씨</b>슬 실리마린제제 영양제 종자추출 <b>밀크씨</b> 약 아님,https://search.shopping.naver.com/gate.nhn?id=82998011209,https://shopping-phinf.pstatic.net/main_8299801/82998011209.1.jpg,식품,건강식품,영양제,밀크씨슬,2023-03-28 13:03:55
65,육체피로 실리마린 피로개선 현대인 밀크시슬 <b>밀크씨</b>,https://search.shopping.naver.com/gate.nhn?id=38979479702,https://shopping-phinf.pstatic.net/main_3897947/38979479702.jpg,식품,건강식품,영양제,밀크씨슬,2023-03-28 13:03:55
66,종근당건강 헬씨칸 <b>밀크씨</b>,https://search.shopping.naver.com/gate.nhn?id=85819099282,https://shopping-phinf.pstatic.net/main_8581909/85819099282.jpg,식품,건강식품,영양제,밀크씨슬,2023-03-28 13:03:55
67,간에 좋은 영양제 실리마린 <b>밀크씨</b> 술 먹기전 아버지,https://search.shopping.naver.com/gate.nhn?id=85612870943,https://shopping-phinf.pstatic.net/main_8561287/85612870943.jpg,식품,건강식품,영양제,밀크씨슬,2023-03-28 13:03:55
68,간에좋은 음식 영양제 <b>밀크씨</b>슬 밀크시슬 <b>밀크씨</b>,https://search.shopping.naver.com/gate.nhn?id=84534004536,https://shopping-phinf.pstatic.net/main_8453400/84534004536.jpg,식품,건강식품,영양제,밀크씨슬,2023-03-28 13:03:55
69,실리빈 카르두스마리아누스 <b>밀크씨</b> 실리마린제제,https://search.shopping.naver.com/gate.nhn?id=84090702487,https://shopping-phinf.pstatic.net/main_8409070/84090702487.jpg,식품,건강식품,영양제,밀크씨슬,2023-03-28 13:03:55
70,밀크티슬 중년 남성 간 기능식품 가시 엉겅퀴 <b>밀크씨</b>,https://search.shopping.naver.com/gate.nhn?id=36894564474,https://shopping-phinf.pstatic.net/main_3689456/36894564474.jpg,식품,건강식품,영양제,밀크씨슬,2023-03-28 13:03:55
71,닥터린 초임계 알티지 <b>오메가3</b> 1025mg x 30캡슐,https://search.shopping.naver.com/gate.nhn?id=26647821523,https://shopping-phinf.pstatic.net/main_2664782/26647821523.20210405145508.jpg,식품,건강식품,영양제,오메가3,2023-03-28 13:04:05
72,종근당건강 프로메가 알티지 <b>오메가3</b> 듀얼 520mg x 60캡슐,https://search.shopping.naver.com/gate.nhn?id=21839321494,https://shopping-phinf.pstatic.net/main_2183932/21839321494.20211118095411.jpg,식품,건강식품,영양제,오메가3,2023-03-28 13:04:05
73,고려은단 퓨어 알티지 DHA <b>오메가3</b> 751mg x 60캡슐,https://search.shopping.naver.com/gate.nhn?id=33862803619,https://shopping-phinf.pstatic.net/main_3386280/33862803619.20220804142257.jpg,식품,건강식품,영양제,오메가3,2023-03-28 13:04:05
74,더리얼 캐나다 알티지 <b>오메가3</b> 맥스 1400 초임계 EPA DHA,https://search.shopping.naver.com/gate.nhn?id=11439949685,https://shopping-phinf.pstatic.net/main_1143994/11439949685.35.jpg,식품,건강식품,영양제,오메가3,2023-03-28 13:04:05
75,뉴트리코어 식물성 알티지 <b>오메가3</b> 1126mg x 30캡슐,https://search.shopping.naver.com/gate.nhn?id=30231480619,https://shopping-phinf.pstatic.net/main_3023148/30231480619.20220506135654.jpg,식품,건강식품,영양제,오메가3,2023-03-28 13:04:05
76,<b>오메가3</b> 피쉬오일 1250mg x 180정,https://search.shopping.naver.com/gate.nhn?id=21645777024,https://shopping-phinf.pstatic.net/main_2164577/21645777024.20200102115302.jpg,식품,건강식품,영양제,오메가3,2023-03-28 13:04:05
77,락티브 초임계 식물성 rTG 알티지 <b>오메가3</b> 520mg x 60캡슐,https://search.shopping.naver.com/gate.nhn?id=31907364618,https://shopping-phinf.pstatic.net/main_3190736/31907364618.20220419181022.jpg,식품,건강식품,영양제,오메가3,2023-03-28 13:04:05
78,내츄럴플러스 알티지 <b>오메가3</b> 1200 1301.2mg x 180캡슐,https://search.shopping.naver.com/gate.nhn?id=19377923323,https://shopping-phinf.pstatic.net/main_1937792/19377923323.20221027174851.jpg,식품,건강식품,영양제,오메가3,2023-03-28 13:04:05
79,프로메가 알티지 <b>오메가3</b> 듀얼 비타민D 520mg x 60캡슐,https://search.shopping.naver.com/gate.nhn?id=35827582619,https://shopping-phinf.pstatic.net/main_3582758/35827582619.20221114124808.jpg,식품,건강식품,영양제,오메가3,2023-03-28 13:04:05
80,"종근당건강 프로메가 알티지 <b>오메가3</b>듀얼 (3박스,3개월분)",https://search.shopping.naver.com/gate.nhn?id=82467788801,https://shopping-phinf.pstatic.net/main_8246778/82467788801.13.jpg,식품,건강식품,영양제,오메가3,2023-03-28 13:04:05
